<?xml version="1.0" encoding="utf-8" ?><dwsync><file name="chromebg-over.gif" server="web.billtown.org/kwsed/" local="3232914198" remote="3569002320" Dst="-1" /><file name="chromebg.gif" server="web.billtown.org/kwsed/" local="3233087912" remote="3569002320" Dst="-1" /><file name="chromebg2-over.gif" server="web.billtown.org/kwsed/" local="3233085600" remote="3569002320" Dst="-1" /><file name="chromebg2.gif" server="web.billtown.org/kwsed/" local="3233087944" remote="3569002320" Dst="-1" /><file name="chromebg3-over.gif" server="web.billtown.org/kwsed/" local="3233088062" remote="3569002320" Dst="-1" /><file name="chromebg3.gif" server="web.billtown.org/kwsed/" local="3233087966" remote="3569002320" Dst="-1" /><file name="chromebg4-over.gif" server="web.billtown.org/kwsed/" local="3233088080" remote="3569002320" Dst="-1" /><file name="chromebg4.gif" server="web.billtown.org/kwsed/" local="3233087982" remote="3569002320" Dst="-1" /><file name="chromestyle.css" server="web.billtown.org/kwsed/" local="3327612596" remote="3569002320" Dst="-1" /><file name="chromestyle2.css" server="web.billtown.org/kwsed/" local="3327612612" remote="3569002320" Dst="-1" /><file name="chromestyle3.css" server="web.billtown.org/kwsed/" local="3327612616" remote="3569002320" Dst="-1" /><file name="chromestyle4.css" server="web.billtown.org/kwsed/" local="3327612624" remote="3569002320" Dst="-1" /></dwsync>