<?xml version="1.0" encoding="utf-8" ?><dwsync><file name="Atown.png" server="web.billtown.org/kwsed/" local="3568808096" remote="3569002320" Dst="-1" /><file name="contactus.png" server="web.billtown.org/kwsed/" local="3568204552" remote="3569002320" Dst="-1" /><file name="download.jpeg" server="web.billtown.org/kwsed/" local="3568117034" remote="3569002320" Dst="-1" /><file name="Knoxvile.png" server="web.billtown.org/kwsed/" local="3568807438" remote="3569002320" Dst="-1" /><file name="kwclogo.jpg" server="web.billtown.org/kwsed/" local="3568289931" remote="3569002320" Dst="-1" /><file name="logo.jpg" server="web.billtown.org/kwsed/" local="3568203193" remote="3569002320" Dst="-1" /><file name="logo.png" server="web.billtown.org/kwsed/" local="3568290291" remote="3569002320" Dst="-1" /><file name="map.jpg" server="web.billtown.org/kwsed/" local="3568376551" remote="3569002320" Dst="-1" /><file name="mrl.jpg" server="web.billtown.org/kwsed/" local="3568722557" remote="3569002320" Dst="-1" /><file name="mrl.png" server="web.billtown.org/kwsed/" local="3568807568" remote="3569002320" Dst="-1" /><file name="mrLxSOU.jpg" server="web.billtown.org/kwsed/" local="3568116860" remote="3569002320" Dst="-1" /><file name="ROWVA.jpg" server="web.billtown.org/kwsed/" local="3568807236" remote="3569002320" Dst="-1" /><file name="ROWVA.png" server="web.billtown.org/kwsed/" local="3568807378" remote="3569002320" Dst="-1" /><file name="united.png" server="web.billtown.org/kwsed/" local="3568808004" remote="3569002320" Dst="-1" /><file name="united.psd" server="web.billtown.org/kwsed/" local="3568807971" remote="3569002320" Dst="-1" /><file name="USLOGO.png" server="web.billtown.org/kwsed/" local="3568723165" remote="3569002320" Dst="-1" /><file name="w.jpg" server="web.billtown.org/kwsed/" local="3568289544" remote="3569002320" Dst="-1" /><file name="Wallpaper Pack 9 099.jpg" server="web.billtown.org/kwsed/" local="3568117143" remote="3569002320" Dst="-1" /><file name="art.jpg" server="web.billtown.org/kwsed/" local="3570191178" remote="3570213060" Dst="-1" /><file name="austin.jpg" server="web.billtown.org/kwsed/" local="3570190768" remote="3570213060" Dst="-1" /><file name="cups.jpg" server="web.billtown.org/kwsed/" local="3570190328" remote="3570213060" Dst="-1" /><file name="ears.jpg" server="web.billtown.org/kwsed/" local="3570190100" remote="3570213060" Dst="-1" /><file name="fsw.jpg" server="web.billtown.org/kwsed/" local="3570191022" remote="3570213060" Dst="-1" /><file name="icekream.jpg" server="web.billtown.org/kwsed/" local="3570105318" remote="3570213060" Dst="-1" /><file name="icekream.png" server="web.billtown.org/kwsed/" local="3570105277" remote="3570213060" Dst="-1" /><file name="ir.jpg" server="web.billtown.org/kwsed/" local="3570191107" remote="3570213060" Dst="-1" /><file name="leonmath.jpg" server="web.billtown.org/kwsed/" local="3570018755" remote="3570213060" Dst="-1" /><file name="pob.jpg" server="web.billtown.org/kwsed/" local="3570191141" remote="3570213060" Dst="-1" /><file name="pop.jpg" server="web.billtown.org/kwsed/" local="3570190898" remote="3570213060" Dst="-1" /><file name="pt.jpg" server="web.billtown.org/kwsed/" local="3570191231" remote="3570213060" Dst="-1" /><file name="r.jpg" server="web.billtown.org/kwsed/" local="3570191264" remote="3570213060" Dst="-1" /><file name="wcg.jpg" server="web.billtown.org/kwsed/" local="3570190598" remote="3570213060" Dst="-1" /></dwsync>